#key	value
name	AutoSaint - Intention Is Key
byline	Conscious Transportation and Servicing
year	2026

|labels and messages
iconName	AutoSaint
siteMenuName	AS Home
description	A Network of Conscious Patrons, Dealers and Service Centers.
notes	Also looking into Environment, Redressal, Ethics, Process, Systems, Training and Welfare.
welcome-message	This is a DAWN Site
footer-message	DAWN

|img and styles
safeName	autosaint	//NOTE: used in getLogoOr
mediakit	?palette=default&no-logo=1
|fonts	cursive=Eagle+Lake&menu=Quintessential&menu-size=1.3rem

|technical
sections	from-tsv
local-url	http://localhost/biz/transportation/autosaint/
live-url	https://autosaint.biz.amadeusweb.in/
